time,latitude,longitude,depth,mag,magType,nst,gap,dmin,rms,net,id,updated,place,type,horizontalError,depthError,magError,magNst,status,locationSource,magSource
2025-11-19T02:45:00.925Z,55.46030044555664,-157.2141571044922,5.0,2.547544459208693,ml,23.0,178.6843032836914,0.9724184274673462,0.6606840321280174,ak,ak2025wthhsn,2025-11-19T02:46:52.780Z,"119 km SE of Chignik, Alaska",earthquake,0.0,,0.0,1.0,automatic,ak,ak
2025-11-19T02:23:19.189Z,39.2352,143.4678,10.0,5.0,mb,38.0,138.0,2.411,1.06,us,us6000rp2h,2025-11-19T02:38:35.040Z,"133 km ESE of Yamada, Japan",earthquake,8.85,1.905,0.086,43.0,reviewed,us,us
2025-11-19T02:14:34.839Z,59.38521575927734,-138.7129364013672,5.815021514892578,2.769644825801554,ml,15.0,186.46173858642575,0.4506018161773682,0.8070604544849919,ak,ak2025wtgggd,2025-11-19T02:16:45.431Z,"60 km ESE of Yakutat, Alaska",earthquake,0.0,2.7488608360290527,0.0,1.0,automatic,ak,ak
2025-11-19T01:48:36.220Z,37.2861671447754,-121.658500671387,5.65999984741211,2.96,md,89.0,41.0,0.02953,0.07,nc,nc75265501,2025-11-19T03:14:08.534Z,"16 km E of Seven Trees, CA",earthquake,0.11,0.230000004,0.15,132.0,automatic,nc,nc
2025-11-19T01:38:53.994Z,10.8709,-62.7566,122.975,5.0,mww,65.0,92.0,4.144,1.2,us,us6000rp2d,2025-11-19T02:13:52.916Z,"34 km NNE of Yaguaraparo, Venezuela",earthquake,11.1,6.011,0.056,31.0,reviewed,us,us
2025-11-19T01:00:22.603Z,55.28743743896484,-159.23353576660156,6.705075263977051,3.059019790620121,ml,30.0,183.012788772583,0.5012495517730713,0.6559500260409666,ak,ak2025wtdvmn,2025-11-19T01:03:23.706Z,"69 km S of Perryville, Alaska",earthquake,0.0,1.8219091892242432,0.0,1.0,automatic,ak,ak
2025-11-19T00:59:45.817Z,62.23171615600586,-150.9709930419922,92.97139739990234,3.589386933963881,ml,143.0,29.860565185546875,0.3096705377101898,0.7370549202463726,ak,ak2025wtduxh,2025-11-19T02:46:16.040Z,"31 km SSW of Petersville, Alaska",earthquake,0.0,1.986513614654541,0.2321929352996726,17.0,automatic,ak,ak
2025-11-18T22:36:32.878Z,8.7898,-84.0158,10.0,5.4,mww,82.0,84.0,0.946,0.76,us,us6000rp1a,2025-11-19T02:12:42.665Z,"57 km WSW of Puerto Cortés, Costa Rica",earthquake,5.34,1.727,0.05,39.0,reviewed,us,us
2025-11-18T22:34:49.345Z,68.66081237792969,-147.49734497070312,5.0,3.0306971340255955,ml,36.0,73.87200927734375,0.7252052426338196,0.616612813767733,ak,ak2025wsyzrh,2025-11-19T01:32:44.040Z,"100 km NW of Arctic Village, Alaska",earthquake,0.0,,0.0,1.0,automatic,ak,ak
2025-11-18T21:57:18.667Z,59.89200210571289,-152.82044982910156,89.05310821533203,3.041154473918687,ml,147.0,58.9402847290039,0.1239427179098129,0.740048992311643,ak,ak2025wsxtqp,2025-11-19T01:22:07.040Z,"56 km WNW of Anchor Point, Alaska",earthquake,0.0,1.3851288557052612,0.370507876278774,74.0,reviewed,ak,ak
2025-11-18T21:25:50.638Z,-40.3808,-91.4641,10.0,4.8,mb,28.0,154.0,14.469,0.86,us,us6000rp0z,2025-11-19T00:51:37.040Z,West Chile Rise,earthquake,13.08,1.929,0.091,37.0,reviewed,us,us
2025-11-18T19:58:02.588Z,-24.6548,-70.1632,55.661,4.1,mb,14.0,147.0,0.725,0.67,us,us6000rp03,2025-11-18T20:37:22.040Z,"89 km NNE of Taltal, Chile",earthquake,4.11,8.736,0.234,5.0,reviewed,us,us
2025-11-18T18:25:34.839Z,66.0684,-142.1654,14.16,2.7,ml,17.0,143.0,0.519,0.61,us,us6000rnzn,2025-11-18T20:00:37.040Z,"90 km ENE of Circle, Alaska",earthquake,4.09,3.761,0.045,66.0,reviewed,us,us
2025-11-18T17:54:30.480Z,35.5528333333333,-120.787833333333,4.92,4.11,mw,67.0,46.0,0.05361,0.09,nc,nc75265261,2025-11-19T03:22:08.774Z,"7 km W of Templeton, CA",earthquake,0.16,0.46,,23.0,reviewed,nc,nc
2025-11-18T15:46:34.876Z,28.1992,50.0569,10.0,4.4,mb,71.0,93.0,6.387,0.52,us,us6000rnxv,2025-11-18T17:20:53.040Z,"114 km SW of Bushehr, Iran",earthquake,9.52,1.84,0.071,60.0,reviewed,us,us
2025-11-18T15:35:29.942Z,-11.9825,65.7403,10.0,5.3,mww,240.0,31.0,8.024,0.53,us,us6000rnxp,2025-11-18T18:02:21.708Z,Mid-Indian Ridge,earthquake,8.23,1.724,0.073,18.0,reviewed,us,us
2025-11-18T14:42:28.043Z,-23.2181,-179.6169,569.151,4.7,mb,29.0,112.0,5.867,0.76,us,us6000rnxf,2025-11-18T14:56:47.040Z,south of the Fiji Islands,earthquake,14.02,10.86,0.09,40.0,reviewed,us,us
2025-11-18T12:40:31.892Z,51.67026138305664,178.00942993164062,52.67435073852539,3.703956940999132,ml,24.0,296.73166275024414,0.4179048836231231,0.4695895258428092,ak,ak2025wsfhwe,2025-11-18T12:41:47.272Z,"Rat Islands, Aleutian Islands, Alaska",earthquake,0.0,5.389486789703369,0.2665047645294302,16.0,reviewed,ak,ak
2025-11-18T09:44:38.029Z,43.3816,-126.8597,10.0,3.9,mb,85.0,187.0,1.541,0.88,us,us6000rnwt,2025-11-18T10:44:45.040Z,"201 km W of Bandon, Oregon",earthquake,7.74,1.991,0.112,21.0,reviewed,us,us
2025-11-18T08:21:21.706Z,40.9125,142.6233,45.026,4.8,mb,54.0,134.0,1.172,0.95,us,us6000rnwj,2025-11-18T08:52:58.040Z,"105 km ENE of Hachinohe, Japan",earthquake,6.78,6.812,0.066,72.0,reviewed,us,us
2025-11-18T08:08:02.190Z,37.7578315734863,-121.939163208008,7.82000017166138,2.61,md,50.0,36.0,0.02938,0.07,nc,nc75265071,2025-11-19T00:46:44.150Z,"4 km SE of San Ramon, CA",earthquake,0.13,0.280000001,0.1,56.0,automatic,nc,nc
2025-11-18T07:11:32.013Z,-24.0795,-67.0524,179.161,4.9,mww,98.0,34.0,1.526,1.08,us,us6000rnwe,2025-11-18T07:31:36.040Z,"76 km WNW of San Antonio de los Cobres, Argentina",earthquake,9.15,6.009,0.065,23.0,reviewed,us,us
2025-11-18T07:08:29.562Z,54.5099,-160.032,35.0,4.5,mb,92.0,155.0,0.412,0.95,us,us6000rnwd,2025-11-18T14:52:18.040Z,"96 km SSE of Sand Point, Alaska",earthquake,7.29,1.941,0.051,114.0,reviewed,us,us
2025-11-18T06:47:34.330Z,37.7555,-121.951666666667,9.34,3.29,mw,166.0,16.0,0.03508,0.17,nc,nc75264991,2025-11-19T03:06:54.166Z,"4 km SE of San Ramon, CA",earthquake,0.1,0.19,,4.0,reviewed,nc,nc
2025-11-18T06:39:37.923Z,51.43440246582031,-176.19970703125,24.828371047973636,2.703965383688961,ml,12.0,249.3049468994141,0.4469345211982727,0.317990367505522,ak,ak2025wrtiws,2025-11-19T00:38:13.978Z,"57 km SSE of Adak, Alaska",earthquake,0.0,5.709248542785645,0.2941115808110318,6.0,reviewed,ak,ak
2025-11-18T05:59:05.120Z,54.86661911010742,-159.8874969482422,30.51334381103516,3.012123173386666,ml,36.0,173.66815185546875,0.1760152131319046,0.7969385181489891,ak,ak2025wrrzyk,2025-11-19T00:30:59.985Z,"65 km SE of Sand Point, Alaska",earthquake,0.0,4.530899047851562,0.2105115038078341,21.0,reviewed,ak,ak
2025-11-18T05:16:23.397Z,52.5704231262207,-167.7873992919922,3.393677234649658,2.9554566415745325,ml,15.0,246.44850540161133,0.7633081674575806,0.4051350586692845,ak,ak2025wrqpdl,2025-11-18T05:17:45.272Z,"83 km ESE of Nikolski, Alaska",earthquake,0.0,4.958480834960938,0.3668829535471662,9.0,reviewed,ak,ak
2025-11-18T05:13:43.410Z,51.4741666666667,-178.563166666667,6.39,2.7,ml,15.0,224.0,0.1757,0.24,av,av93894481,2025-11-18T23:44:31.830Z,"140 km WSW of Adak, Alaska",earthquake,1.38,2.67,0.245958439849022,17.0,reviewed,av,av
2025-11-18T05:08:50.277Z,51.60312652587891,-177.89405822753906,62.4283332824707,3.051776041903651,ml,24.0,190.0023651123047,0.1525980532169342,0.4800523396609215,ak,ak2025wrqiqu,2025-11-18T05:09:44.272Z,"92 km WSW of Adak, Alaska",earthquake,0.0,4.690695762634277,0.3086053846747421,19.0,reviewed,ak,ak
2025-11-18T04:15:45.183Z,32.6106,84.5712,10.0,4.2,mb,21.0,157.0,6.322,0.94,us,us6000rnw2,2025-11-18T04:56:10.040Z,western Xizang,earthquake,11.07,1.94,0.141,14.0,reviewed,us,us
2025-11-18T02:24:15.370Z,17.5693333333333,-64.8383333333333,120.68,3.44,md,15.0,258.0,0.7869,0.3,pr,pr71500393,2025-11-18T11:15:45.433Z,"20 km SSW of Saint Croix, U.S. Virgin Islands",earthquake,5.28,3.81,0.0576944411225686,10.0,reviewed,pr,pr
2025-11-18T02:05:52.928Z,39.3231,142.4373,49.641,4.5,mb,33.0,135.0,1.804,0.68,us,us6000rnvp,2025-11-18T02:35:42.040Z,"44 km ESE of Yamada, Japan",earthquake,8.55,8.163,0.135,16.0,reviewed,us,us
2025-11-18T00:56:27.613Z,62.26131820678711,-149.64593505859375,50.1187629699707,2.6662450268385984,ml,70.0,22.371307373046875,0.3222640752792358,0.8335898280451932,ak,ak2025wrhzds,2025-11-18T00:57:14.273Z,"15 km NE of Susitna North, Alaska",earthquake,0.0,2.6890382766723637,0.2822296481409793,25.0,reviewed,ak,ak
2025-11-18T00:55:05.890Z,-30.4145,-177.931,35.0,4.9,mb,34.0,213.0,7.783,0.59,us,us6000rnvj,2025-11-18T05:26:24.040Z,"Kermadec Islands, New Zealand",earthquake,14.51,1.984,0.119,22.0,reviewed,us,us
2025-11-18T00:38:35.754Z,54.18373107910156,-160.1176300048828,13.686830520629885,3.3653317295764467,ml,18.0,245.6526794433594,0.7180546522140503,1.438967914080224,ak,ak2025wrhjve,2025-11-18T00:39:55.274Z,"130 km S of Sand Point, Alaska",earthquake,0.0,12.441930770874023,0.0979288630895793,11.0,reviewed,ak,ak
2025-11-18T00:19:55.308Z,-12.4816,167.1519,243.635,4.6,mb,44.0,90.0,2.948,0.45,us,us6000rnvc,2025-11-18T04:57:48.040Z,"160 km NNW of Sola, Vanuatu",earthquake,12.26,8.586,0.089,38.0,reviewed,us,us
2025-11-18T00:18:15.464Z,31.656,-104.38,6.0999,3.0,ml,57.0,70.0,0.0,0.2,tx,tx2025wrgqvv,2025-11-18T04:37:42.040Z,"57 km S of Whites City, New Mexico",earthquake,0.609345614825827,0.5176450095601923,0.2,32.0,reviewed,tx,tx
2025-11-18T00:07:44.766Z,-24.087,-67.0505,229.263,4.3,mb,28.0,90.0,1.533,0.52,us,us6000rnv9,2025-11-18T04:31:14.040Z,"75 km W of San Antonio de los Cobres, Argentina",earthquake,9.04,9.571,0.218,6.0,reviewed,us,us
2025-11-17T23:39:39.590Z,41.5773333333333,-109.895166666667,-2.39,3.67,ml,16.0,113.0,0.129,0.14,uu,uu80122716,2025-11-19T01:44:01.500Z,"4 km NW of Little America, Wyoming",earthquake,0.34,0.61,0.307917100005584,27.0,reviewed,uu,uu
2025-11-17T23:13:50.967Z,-1.3477,-77.8529,179.509,4.2,mb,48.0,58.0,0.224,0.68,us,us6000rnv4,2025-11-18T03:03:24.040Z,"22 km NE of Puyo, Ecuador",earthquake,7.67,4.391,0.102,27.0,reviewed,us,us
2025-11-17T22:21:53.191Z,43.3992,-126.6968,10.0,3.2,ml,54.0,224.0,1.45,0.45,us,us6000rnul,2025-11-18T02:44:25.040Z,"188 km W of Bandon, Oregon",earthquake,8.16,2.011,0.042,76.0,reviewed,us,us
2025-11-17T21:59:25.896Z,8.9288,40.0784,10.0,4.5,mb,40.0,119.0,3.756,0.42,us,us6000rnui,2025-11-18T02:32:08.040Z,"11 km WSW of Āwash, Ethiopia",earthquake,10.01,1.914,0.102,28.0,reviewed,us,us
2025-11-17T21:04:10.096Z,39.0421,24.268,10.0,4.5,mwr,35.0,79.0,1.505,0.49,us,us6000rnu8,2025-11-18T21:10:52.982Z,"29 km WNW of Skýros, Greece",earthquake,5.04,1.891,0.083,14.0,reviewed,us,us
2025-11-17T20:37:33.100Z,31.651,-104.379,6.0999,2.9,ml,36.0,71.0,0.0,0.3,tx,tx2025wqzkfj,2025-11-17T21:40:15.597Z,"58 km S of Whites City, New Mexico",earthquake,0.9568282714266176,0.7645745074083476,0.1,12.0,reviewed,tx,tx
2025-11-17T20:36:37.759Z,31.656,-104.382,5.946,3.4,ml,60.0,67.0,0.0,0.2,tx,tx2025wqzivk,2025-11-17T21:00:58.580Z,"57 km S of Whites City, New Mexico",earthquake,0.6413257084606471,0.746737733026482,0.2,32.0,reviewed,tx,tx
2025-11-17T20:25:50.870Z,17.9485,-67.4595,10.97,2.76,md,9.0,305.0,0.289,0.13,pr,pr71500368,2025-11-17T20:37:59.050Z,"29 km W of Pole Ojea, Puerto Rico",earthquake,0.71,0.52,0.115093158319328,6.0,reviewed,pr,pr
2025-11-17T19:06:35.519Z,39.7568,143.1957,33.331,5.2,mww,98.0,85.0,1.929,0.55,us,us6000rntu,2025-11-18T19:35:38.249Z,"108 km E of Miyako, Japan",earthquake,7.19,4.886,0.073,18.0,reviewed,us,us
2025-11-17T18:30:20.638Z,8.8413,-83.9849,10.0,4.7,mb,52.0,142.0,0.895,0.75,us,us6000rntr,2025-11-17T19:53:12.040Z,"52 km WSW of Puerto Cortés, Costa Rica",earthquake,6.85,1.888,0.082,45.0,reviewed,us,us
2025-11-17T18:19:37.219Z,38.0915,-115.9429,6.8629,3.16,ml,18.0,138.0,0.381,0.1543,nn,nn00907391,2025-11-17T19:42:32.040Z,"52 km NNW of Rachel, Nevada",earthquake,,5.2909,0.33,10.0,reviewed,nn,nn
2025-11-17T17:23:03.682Z,12.1277,-86.4514,128.024,5.3,mww,66.0,126.0,0.793,1.18,us,us6000rnrz,2025-11-18T13:48:50.776Z,"12 km WSW of Ciudad Sandino, Nicaragua",earthquake,7.91,5.336,0.056,31.0,reviewed,us,us
2025-11-17T15:26:39.592Z,31.645,-104.404,6.7627,2.7,ml,16.0,76.0,0.0,0.1,tx,tx2025wqpbxp,2025-11-17T22:59:44.492Z,"58 km S of Whites City, New Mexico",earthquake,0.696049627231099,0.5291911737026256,0.1,12.0,reviewed,tx,tx
2025-11-17T15:19:56.561Z,31.683,-104.419,5.6384,2.5,ml,25.0,62.0,0.0,0.2,tx,tx2025wqotkq,2025-11-17T23:34:19.280Z,"54 km S of Whites City, New Mexico",earthquake,0.8762848119116815,0.5974262292765736,0.1,12.0,reviewed,tx,tx
2025-11-17T12:12:37.800Z,0.106,124.0046,119.483,5.3,mww,116.0,25.0,3.374,1.02,us,us6000rnql,2025-11-17T12:31:48.040Z,"61 km SW of Modisi, Indonesia",earthquake,7.12,6.309,0.062,25.0,reviewed,us,us
2025-11-17T10:16:45.610Z,32.3358333,-115.2321667,27.06,3.37,ml,23.0,223.0,0.3675,0.3,ci,ci40486058,2025-11-18T08:11:13.040Z,"4 km WSW of Delta, B.C., MX",earthquake,1.12,0.73,0.154,63.0,reviewed,ci,ci
2025-11-17T09:59:55.405Z,52.2687,159.1781,71.547,4.9,mb,40.0,163.0,1.232,1.2,us,us6000rnqc,2025-11-17T10:36:19.040Z,"90 km SE of Vilyuchinsk, Russia",earthquake,9.58,6.894,0.065,96.0,reviewed,us,us
2025-11-17T09:54:28.186Z,13.7424,120.8377,146.927,4.6,mb,37.0,89.0,14.088,0.91,us,us6000rnq9,2025-11-17T13:59:27.040Z,"6 km NW of Bagalangit, Philippines",earthquake,14.5,8.194,0.096,32.0,reviewed,us,us
2025-11-17T09:48:31.919Z,-61.1895,159.6597,10.0,5.0,mb,16.0,142.0,6.721,0.47,us,us6000rnq7,2025-11-17T10:13:34.040Z,Balleny Islands region,earthquake,13.36,1.958,0.146,15.0,reviewed,us,us
2025-11-17T08:08:17.036Z,-25.1755,179.1443,577.565,4.2,mb,18.0,120.0,8.657,0.85,us,us6000rnpu,2025-11-18T08:06:58.040Z,south of the Fiji Islands,earthquake,19.05,13.85,0.152,12.0,reviewed,us,us
2025-11-17T08:00:49.070Z,18.7731666666667,-64.1331666666667,45.85,3.43,md,14.0,324.0,0.3799,0.45,pr,pr71500323,2025-11-17T11:26:20.040Z,"85 km NE of Cruz Bay, U.S. Virgin Islands",earthquake,8.38,5.84,0.148862492278477,9.0,reviewed,pr,pr
2025-11-17T06:57:40.190Z,63.7172,-149.1845,7.1,3.5,ml,,,,0.89,ak,ak025eqzfb0v,2025-11-17T17:23:29.860Z,"13 km W of Denali Park, Alaska",earthquake,,0.2,,,reviewed,ak,ak
2025-11-17T06:13:40.490Z,36.6826667785645,-121.344497680664,2.48000001907349,2.73,md,48.0,50.0,0.0248,0.21,nc,nc75264606,2025-11-18T07:13:28.040Z,"12 km S of Tres Pinos, CA",earthquake,0.26,0.769999981,0.15,60.0,automatic,nc,nc
2025-11-17T05:14:07.860Z,19.1623333333333,-155.476333333333,31.65,2.61,ml,41.0,108.0,0.0151,0.11,hv,hv74832512,2025-11-18T02:27:38.550Z,"4 km S of Pāhala, Hawaii",earthquake,0.46,0.58,0.15491737887558,31.0,reviewed,hv,hv
2025-11-17T05:06:08.194Z,-0.4042,-91.5254,10.0,4.7,mb,50.0,178.0,0.557,0.89,us,us6000rnpi,2025-11-17T05:32:37.040Z,"87 km NW of Puerto Villamil, Ecuador",earthquake,7.81,1.907,0.052,110.0,reviewed,us,us
2025-11-17T04:46:17.034Z,63.7118,-149.1691,0.0,2.9,ml,,,,0.99,ak,ak025eqy6152,2025-11-17T05:05:23.040Z,"12 km W of Denali Park, Alaska",earthquake,,0.4,,,automatic,ak,ak
2025-11-17T04:22:32.037Z,13.0107,-88.7179,73.575,4.2,mb,38.0,189.0,0.596,1.07,us,us6000rnpa,2025-11-17T04:40:20.850Z,"35 km SSW of Puerto El Triunfo, El Salvador",earthquake,11.37,10.373,0.096,30.0,reviewed,us,us
2025-11-17T04:14:51.495Z,31.5264,-114.426,10.0,3.0,ml,22.0,226.0,1.056,0.92,us,us6000rnpb,2025-11-17T04:50:13.040Z,"19 km SSE of Golfo de Santa Clara, Mexico",earthquake,4.8,2.001,0.046,62.0,reviewed,us,us
2025-11-17T03:54:40.230Z,38.8046666666667,-122.789333333333,3.3,2.89,md,105.0,18.0,0.005712,0.08,nc,nc75264541,2025-11-18T06:22:18.510Z,"4 km NW of The Geysers, CA",earthquake,0.09,0.12,0.156,117.0,reviewed,nc,nc
2025-11-17T03:17:01.720Z,17.4855,-67.5318333333333,24.93,2.98,md,9.0,320.0,0.656,0.35,pr,pr71500303,2025-11-17T05:01:20.030Z,"65 km SW of Pole Ojea, Puerto Rico",earthquake,2.88,21.9,0.182742956031529,7.0,reviewed,pr,pr
2025-11-17T00:46:17.538Z,-11.0885,-106.3645,10.0,5.0,mb,72.0,86.0,16.197,0.56,us,us6000rnnl,2025-11-17T02:48:46.040Z,central East Pacific Rise,earthquake,13.58,1.844,0.036,242.0,reviewed,us,us
2025-11-17T00:10:12.830Z,33.4561667,-116.4508333,3.42,2.98,ml,107.0,23.0,0.1322,0.22,ci,ci40485794,2025-11-17T17:17:58.761Z,"23 km NNW of Borrego Springs, CA",earthquake,0.12,0.5,0.168,176.0,reviewed,ci,ci
2025-11-16T23:38:12.160Z,18.0226666666667,-66.933,7.85,2.78,md,16.0,133.0,0.0697,0.22,pr,pr71500293,2025-11-16T23:56:41.470Z,"2 km SSE of Liborio Negron Torres, Puerto Rico",earthquake,0.5,0.41,0.185897969795399,6.0,reviewed,pr,pr
2025-11-16T21:44:10.010Z,19.4971,-108.9437,10.0,5.2,mww,59.0,129.0,6.783,0.83,us,us6000rnmy,2025-11-17T02:29:03.040Z,Revilla Gigedo Islands region,earthquake,10.44,1.877,0.055,32.0,reviewed,us,us
2025-11-16T21:39:18.590Z,-22.6382,-175.0605,35.0,5.0,mb,44.0,141.0,8.068,0.43,us,us6000rnmz,2025-11-17T02:04:12.040Z,"144 km S of ‘Ohonua, Tonga",earthquake,13.49,1.799,0.109,27.0,reviewed,us,us
2025-11-16T21:17:38.199Z,51.2894,159.4841,35.0,4.6,mb,31.0,163.0,2.127,0.51,us,us6000rnmu,2025-11-16T21:45:11.040Z,"197 km SSE of Vilyuchinsk, Russia",earthquake,10.37,1.962,0.107,26.0,reviewed,us,us
2025-11-16T21:01:14.282Z,51.7501,178.5993,97.45,4.3,mb,70.0,164.0,0.183,0.53,us,us6000rnms,2025-11-17T01:44:13.040Z,"Rat Islands, Aleutian Islands, Alaska",earthquake,11.87,4.856,0.093,33.0,reviewed,us,us
2025-11-16T20:37:18.681Z,-5.7655,146.6137,92.313,4.6,mb,47.0,97.0,3.656,1.17,us,us6000rnmn,2025-11-16T20:57:45.040Z,"101 km NE of Kainantu, Papua New Guinea",earthquake,6.08,7.48,0.079,48.0,reviewed,us,us
2025-11-16T20:25:30.031Z,31.5508,-114.6268,10.0,3.0,ml,18.0,228.0,1.055,0.67,us,us6000rnml,2025-11-16T20:35:31.040Z,"19 km SW of Golfo de Santa Clara, Mexico",earthquake,4.4,1.984,0.05,52.0,reviewed,us,us
2025-11-16T20:00:28.567Z,52.3141,152.8666,454.29,4.3,mb,84.0,117.0,3.045,0.43,us,us6000rnmj,2025-11-16T20:15:04.040Z,"266 km WNW of Ozernovskiy, Russia",earthquake,11.6,7.646,0.036,218.0,reviewed,us,us
2025-11-16T19:59:40.270Z,19.8769,-70.9459,12.457,4.2,mb,29.0,108.0,0.407,0.49,us,us6000rnmg,2025-11-17T17:51:30.821Z,"2 km SE of Luperón, Dominican Republic",earthquake,5.25,7.035,0.167,10.0,reviewed,us,us
2025-11-16T19:56:07.622Z,35.6915,76.8786,10.0,4.5,mb,60.0,96.0,4.383,0.5,us,us6000rnmh,2025-11-16T20:25:35.040Z,"85 km N of Thang, India",earthquake,9.85,1.906,0.079,47.0,reviewed,us,us
2025-11-16T18:48:43.547Z,49.1894,157.8808,10.0,5.1,mb,80.0,77.0,3.926,0.94,us,us6000rnm8,2025-11-16T19:10:07.040Z,"207 km SE of Severo-Kuril’sk, Russia",earthquake,5.44,1.745,0.031,348.0,reviewed,us,us
2025-11-16T18:05:15.200Z,51.4016666666667,-178.186666666667,13.49,2.76,ml,8.0,263.0,0.397,0.19,av,av93892176,2025-11-18T20:33:52.200Z,"119 km WSW of Adak, Alaska",earthquake,2.63,4.63,0.262647891143351,8.0,reviewed,av,av
2025-11-16T16:37:48.439Z,-7.3869,154.5565,39.427,4.9,mb,38.0,126.0,3.968,1.17,us,us6000rnlq,2025-11-16T16:55:15.040Z,"156 km SW of Panguna, Papua New Guinea",earthquake,10.78,7.787,0.062,81.0,reviewed,us,us
2025-11-16T16:30:37.138Z,54.3735,-159.8151,35.0,3.7,mb,17.0,207.0,0.477,0.6,us,us6000rnln,2025-11-16T18:57:27.921Z,"115 km SSE of Sand Point, Alaska",earthquake,7.88,2.019,0.355,2.0,reviewed,us,us
2025-11-16T16:22:54.312Z,50.5684,156.7235,76.291,4.4,mb,44.0,167.0,2.615,0.79,us,us6000rnlp,2025-11-16T16:48:19.040Z,"43 km ESE of Severo-Kuril’sk, Russia",earthquake,12.25,9.855,0.085,40.0,reviewed,us,us
2025-11-16T15:43:39.258Z,-17.9709,-178.4019,549.346,4.5,mb,33.0,182.0,2.596,0.56,us,us6000rnli,2025-11-16T16:08:03.040Z,"241 km E of Levuka, Fiji",earthquake,11.62,9.529,0.071,57.0,reviewed,us,us
2025-11-16T14:27:44.710Z,18.5558333333333,-67.1901666666667,28.12,2.63,md,9.0,285.0,0.07569,0.1,pr,pr71500273,2025-11-16T14:45:33.470Z,"11 km NW of San Antonio, Puerto Rico",earthquake,0.58,0.52,0.0464348829941668,4.0,reviewed,pr,pr
2025-11-16T14:01:35.051Z,32.341,-101.073,8.0322,2.5,ml,72.0,55.0,0.2,0.2,tx,tx2025woqogs,2025-11-17T09:39:00.035Z,"5 km WSW of Westbrook, Texas",earthquake,0.4893885337358286,0.9337943994065908,0.1,49.0,reviewed,tx,tx
2025-11-16T13:19:32.959Z,39.6051,143.5732,10.0,4.5,mb,93.0,132.0,2.256,0.6,us,us6000rnl2,2025-11-16T14:00:54.040Z,"140 km E of Miyako, Japan",earthquake,8.33,1.893,0.063,74.0,reviewed,us,us
2025-11-16T12:02:21.038Z,54.0263,-159.5424,10.0,3.6,mb,89.0,200.0,0.807,0.98,us,us6000rnkt,2025-11-16T18:36:13.056Z,"158 km SSE of Sand Point, Alaska",earthquake,6.15,1.981,0.176,8.0,reviewed,us,us
2025-11-16T11:51:59.977Z,8.991,-83.2134,65.355,4.5,mb,94.0,75.0,1.08,0.82,us,us6000rnks,2025-11-16T12:16:54.040Z,"24 km SSE of Buenos Aires, Costa Rica",earthquake,8.38,7.087,0.057,89.0,reviewed,us,us
2025-11-16T11:29:07.493Z,-14.4413,166.7849,35.0,4.7,mb,43.0,102.0,1.078,0.95,us,us6000rnkq,2025-11-16T12:05:17.040Z,"73 km NNW of Port-Olry, Vanuatu",earthquake,6.52,1.863,0.093,35.0,reviewed,us,us
2025-11-16T10:07:00.721Z,12.8198,143.1855,152.577,4.8,mb,73.0,88.0,3.486,0.55,us,us6000rnkk,2025-11-16T10:43:02.730Z,"168 km WSW of Merizo Village, Guam",earthquake,10.42,7.521,0.057,96.0,reviewed,us,us
2025-11-16T08:22:23.150Z,33.4573333,-116.4531667,2.87,2.52,ml,107.0,24.0,0.13,0.22,ci,ci40485522,2025-11-16T17:02:02.935Z,"23 km ESE of Anza, CA",earthquake,0.12,0.54,0.179,173.0,reviewed,ci,ci
2025-11-16T07:04:00.017Z,-16.6607,-71.7291,99.357,4.3,mb,29.0,137.0,2.155,1.24,us,us6000rnk8,2025-11-16T07:24:39.040Z,"22 km SE of El Triunfo ( El Cruce), Peru",earthquake,10.37,8.501,0.104,26.0,reviewed,us,us
2025-11-16T06:53:55.486Z,31.6597,-114.6031,12.807,2.8,ml,14.0,222.0,0.945,1.15,us,us6000rnk6,2025-11-16T13:13:39.419Z,"10 km WSW of Golfo de Santa Clara, Mexico",earthquake,3.48,6.12,0.069,28.0,reviewed,us,us
2025-11-16T06:35:40.010Z,6.4806,126.1312,86.085,4.5,mb,37.0,112.0,0.802,0.49,us,us6000rnk2,2025-11-16T07:07:23.040Z,"1 km NE of Nangan, Philippines",earthquake,10.1,7.21,0.093,34.0,reviewed,us,us
2025-11-16T06:32:09.770Z,18.9296666666667,-64.9071666666667,25.61,3.14,md,8.0,250.0,0.5751,0.17,pr,pr71500243,2025-11-16T06:47:59.220Z,"65 km N of Charlotte Amalie, U.S. Virgin Islands",earthquake,2.15,13.79,0.0778708865009805,3.0,reviewed,pr,pr
2025-11-16T05:44:51.860Z,38.353,-83.7131666666667,10.77,2.51,md,14.0,112.0,0.07865,0.11,se,se60504513,2025-11-19T01:37:28.610Z,"7 km SSE of Flemingsburg, Kentucky",earthquake,0.4,0.85,0.069055156929827,11.0,reviewed,se,se
2025-11-16T05:26:40.886Z,31.651,-104.392,6.0999,2.9,ml,25.0,71.0,0.0,0.2,tx,tx2025wnzmgx,2025-11-17T23:35:06.286Z,"58 km S of Whites City, New Mexico",earthquake,0.8999673320433211,0.7053785362694673,0.1,15.0,reviewed,tx,tx
2025-11-16T03:44:59.117Z,31.687,-104.424,5.177,2.5,ml,26.0,77.0,0.0,0.2,tx,tx2025wnwcqb,2025-11-17T23:35:45.291Z,"54 km S of Whites City, New Mexico",earthquake,0.7743149103805971,0.626519479089161,0.1,15.0,reviewed,tx,tx
2025-11-16T02:57:07.892Z,53.1178,159.9611,60.525,4.8,mb,52.0,126.0,1.364,1.05,us,us6000rnj9,2025-11-16T03:20:13.040Z,"89 km E of Petropavlovsk-Kamchatsky, Russia",earthquake,10.52,6.618,0.048,136.0,reviewed,us,us
2025-11-16T00:11:41.910Z,18.3643333333333,-67.2868333333333,17.61,2.92,md,9.0,252.0,0.1941,0.17,pr,pr71500228,2025-11-16T00:36:45.530Z,"4 km NW of Rincón, Puerto Rico",earthquake,1.08,0.54,0.0839794621559813,7.0,reviewed,pr,pr
2025-11-16T00:00:13.694Z,-55.3578,-27.5092,25.483,5.0,mb,46.0,67.0,5.302,0.88,us,us6000rnin,2025-11-16T00:28:28.040Z,South Sandwich Islands region,earthquake,11.73,5.749,0.084,46.0,reviewed,us,us
2025-11-15T23:45:33.236Z,62.8179,-152.4215,4.3,3.0,ml,,,,0.91,ak,ak025enyee6k,2025-11-16T00:02:48.040Z,"87 km SSW of Denali National Park, Alaska",earthquake,,0.5,,,automatic,ak,ak
2025-11-15T23:16:56.710Z,31.656,-104.392,5.946,3.1,ml,33.0,70.0,0.0,0.2,tx,tx2025wnnfqp,2025-11-17T23:36:25.295Z,"57 km S of Whites City, New Mexico",earthquake,0.6765782100992451,0.7059628069253223,0.1,19.0,reviewed,tx,tx
2025-11-15T22:03:15.403Z,-10.7664,164.437,10.0,4.4,mb,27.0,128.0,4.613,0.62,us,us6000rni5,2025-11-16T00:30:43.040Z,"148 km W of Lata, Solomon Islands",earthquake,10.08,1.92,0.123,19.0,reviewed,us,us
2025-11-15T21:37:12.420Z,32.125,-101.92,6.3232,2.6,ml,25.0,52.0,0.0,0.1,tx,tx2025wnjwqs,2025-11-17T23:41:22.086Z,"12 km W of Stanton, Texas",earthquake,0.4884567007972895,1.4981332662615865,0.1,15.0,reviewed,tx,tx
2025-11-15T21:08:49.030Z,36.93666667,-100.3173333,2.69,2.67,ml,33.0,191.0,0.3617290164,0.25,ok,ok2025wkpv,2025-11-15T21:32:31.438Z,"13 km WNW of Knowles, Oklahoma",earthquake,,1.2,0.25,13.0,reviewed,ok,ok
2025-11-15T20:40:13.942Z,60.2673,-152.1862,93.6,3.2,ml,,,,0.48,ak,ak025enwkzcz,2025-11-15T20:52:36.247Z,"37 km NW of Ninilchik, Alaska",earthquake,,0.3,,,automatic,ak,ak
2025-11-15T18:50:51.606Z,36.2129,136.9821,262.77,4.3,mb,110.0,70.0,0.679,0.8,us,us6000rnhl,2025-11-15T20:00:52.040Z,"25 km WNW of Takayama, Japan",earthquake,7.73,5.277,0.056,94.0,reviewed,us,us
2025-11-15T18:06:22.756Z,39.7006,143.1899,25.681,4.7,mb,89.0,92.0,1.957,0.49,us,us6000rnhi,2025-11-15T18:59:54.040Z,"107 km E of Miyako, Japan",earthquake,6.29,5.253,0.064,80.0,reviewed,us,us
2025-11-15T17:03:11.060Z,-24.2026,-67.4581,206.49,4.1,mb,17.0,91.0,1.41,0.66,us,us6000rnh7,2025-11-15T19:32:59.040Z,"115 km W of San Antonio de los Cobres, Argentina",earthquake,10.49,11.731,0.301,3.0,reviewed,us,us
2025-11-15T16:53:10.940Z,40.335334777832,-124.551666259766,26.2000007629395,3.08,ml,27.0,283.0,0.1666,0.23,nc,nc75263671,2025-11-15T18:21:12.040Z,"23 km W of Petrolia, CA",earthquake,6.02,2.0999999,0.216,5.0,automatic,nc,nc
2025-11-15T16:45:07.409Z,-30.6399,-71.9602,3.39,4.6,mwr,166.0,101.0,0.952,0.78,us,us6000rnh3,2025-11-16T01:41:45.840Z,"73 km W of Ovalle, Chile",earthquake,4.29,3.588,0.038,66.0,reviewed,us,us
2025-11-15T15:46:03.878Z,-20.9946,-175.9884,228.235,4.9,mb,31.0,122.0,6.009,0.76,us,us6000rngz,2025-11-16T01:38:42.015Z,"73 km WNW of Houma, Tonga",earthquake,13.07,11.33,0.084,47.0,reviewed,us,us
2025-11-15T15:43:47.282Z,16.3861,-59.5583,10.337,4.9,mb,135.0,65.0,1.449,1.05,us,us6000rngx,2025-11-15T16:07:09.040Z,"162 km E of Beauséjour, Guadeloupe",earthquake,6.4,4.225,0.031,325.0,reviewed,us,us
2025-11-15T15:41:38.942Z,60.1346,-148.2299,19.5,2.8,ml,,,,0.89,ak,ak025entm2wf,2025-11-15T18:02:14.040Z,"14 km WNW of Chenega, Alaska",earthquake,,0.5,,,automatic,ak,ak
2025-11-15T14:20:16.800Z,40.3968315124512,-125.527168273926,4.03999996185303,2.51,md,13.0,319.0,1.055,0.18,nc,nc75263611,2025-11-15T16:22:19.354Z,"106 km W of Petrolia, CA",earthquake,13.84,16.7299995,,3.0,automatic,nc,nc
2025-11-15T13:31:45.230Z,45.4818,150.8097,47.946,4.5,mb,36.0,179.0,5.777,0.58,us,us6000rngl,2025-11-15T14:29:14.040Z,"231 km E of Kuril’sk, Russia",earthquake,11.49,9.404,0.091,36.0,reviewed,us,us
2025-11-15T12:25:06.420Z,18.5581666666667,-66.4516666666667,45.12,2.53,md,11.0,247.0,0.1093,0.1,pr,pr71500188,2025-11-15T12:38:23.350Z,"11 km NNE of Tierras Nuevas Poniente, Puerto Rico",earthquake,0.61,1.18,0.051246688420282,3.0,reviewed,pr,pr
2025-11-15T11:53:11.635Z,-9.3209,123.8219,103.578,4.5,mb,31.0,112.0,0.616,0.77,us,us6000rng8,2025-11-15T13:56:51.040Z,"31 km N of Naisano Dua, Indonesia",earthquake,8.82,6.252,0.113,23.0,reviewed,us,us
2025-11-15T11:41:11.964Z,31.657,-104.393,5.9973,3.0,ml,27.0,70.0,0.0,0.2,tx,tx2025wmqedn,2025-11-17T23:45:00.112Z,"57 km S of Whites City, New Mexico",earthquake,0.7067422983653846,0.6139713215064868,0.1,16.0,reviewed,tx,tx
2025-11-15T11:22:17.181Z,43.4965,-127.4391,10.0,3.3,ml,28.0,290.0,2.475,0.6,us,us6000rng5,2025-11-15T11:29:38.040Z,"249 km W of Bandon, Oregon",earthquake,13.07,2.026,0.042,74.0,reviewed,us,us
2025-11-15T10:59:44.649Z,31.654,-104.392,6.0999,3.1,ml,23.0,63.0,0.0,0.2,tx,tx2025wmouks,2025-11-17T23:45:50.995Z,"57 km S of Whites City, New Mexico",earthquake,0.7733199670376845,0.7515618122806402,0.1,13.0,reviewed,tx,tx
2025-11-15T09:58:36.391Z,51.6049,-80.361,10.922,4.1,mb,53.0,57.0,3.81,0.69,us,us6000rng1,2025-11-17T14:37:30.639Z,"40 km NNE of Moosonee, Canada",earthquake,9.1,5.93,0.083,40.0,reviewed,us,us
2025-11-15T09:36:41.670Z,48.81466666666667,-119.52416666666667,15.35,2.77,ml,15.0,116.0,0.1072,0.22,uw,uw62204722,2025-11-15T17:44:42.254Z,"8 km E of Loomis, Washington",earthquake,0.45,0.66,0.1792877664117091,9.0,reviewed,uw,uw
2025-11-15T09:35:56.190Z,-20.4225,-177.9769,528.638,4.5,mb,34.0,113.0,4.603,1.08,us,us6000rng0,2025-11-15T13:39:23.040Z,"290 km WNW of Houma, Tonga",earthquake,15.65,10.09,0.078,48.0,reviewed,us,us
2025-11-15T09:24:20.416Z,-18.3937,-69.6391,118.174,4.2,mb,18.0,87.0,0.668,0.97,us,us6000rnfx,2025-11-15T13:31:56.040Z,"70 km E of Arica, Chile",earthquake,5.88,8.859,0.136,15.0,reviewed,us,us
2025-11-15T08:46:19.156Z,39.1713,28.2489,10.0,4.5,mb,31.0,70.0,1.05,0.56,us,us6000rnfw,2025-11-16T06:42:50.040Z,"9 km SE of Sındırgı, Turkey",earthquake,4.28,1.908,0.132,17.0,reviewed,us,us
2025-11-15T08:24:40.170Z,52.6701666666667,-169.484666666667,9.42,3.02,ml,14.0,244.0,0.186,0.25,av,av93889606,2025-11-16T17:00:53.220Z,"51 km SW of Nikolski, Alaska",earthquake,1.66,1.96,0.213093137102235,14.0,reviewed,av,av
2025-11-15T07:52:56.144Z,-15.5761,-175.7445,10.0,4.9,mb,22.0,113.0,4.782,1.44,us,us6000rnfu,2025-11-16T06:33:14.040Z,"212 km WNW of Hihifo, Tonga",earthquake,10.81,1.886,0.126,20.0,reviewed,us,us
2025-11-15T07:44:13.390Z,19.3446,-68.7606,8.0,3.75,md,20.0,228.0,0.9131,0.38,pr,pr2025319002,2025-11-15T08:21:31.610Z,"50 km NE of Miches, Dominican Republic",earthquake,5.58,5.73,0.12,13.0,reviewed,pr,pr
2025-11-15T07:38:39.861Z,11.2674,123.9147,10.0,4.9,mb,45.0,111.0,4.483,0.52,us,us6000rnfs,2025-11-15T14:56:38.057Z,"7 km SSE of Hagdan, Philippines",earthquake,10.45,1.901,0.102,30.0,reviewed,us,us
2025-11-15T07:10:01.311Z,-23.6605,-66.512,208.453,4.5,mb,65.0,47.0,1.687,0.95,us,us6000rnfj,2025-11-15T07:26:47.040Z,"64 km NNW of San Antonio de los Cobres, Argentina",earthquake,9.84,7.677,0.06,84.0,reviewed,us,us
2025-11-15T06:22:40.591Z,31.718,-101.686,8.7646,2.5,ml,44.0,61.0,0.1,0.1,tx,tx2025wmfone,2025-11-15T16:08:45.856Z,"25 km SW of Garden City, Texas",earthquake,0.507452006190302,0.5895456195488192,0.2,32.0,reviewed,tx,tx
2025-11-15T06:13:57.459Z,-28.7985,-71.5292,35.956,5.0,mww,47.0,154.0,0.715,0.79,us,us6000rnf6,2025-11-15T17:09:36.431Z,"79 km WSW of Vallenar, Chile",earthquake,4.68,7.096,0.086,13.0,reviewed,us,us
2025-11-15T05:46:57.790Z,18.0033333333333,-66.9008333333333,10.59,2.56,md,19.0,128.0,0.03482,0.21,pr,pr71500143,2025-11-15T05:58:39.490Z,"2 km NE of Fuig, Puerto Rico",earthquake,0.46,0.46,0.308171039969266,7.0,reviewed,pr,pr
2025-11-15T05:33:30.421Z,4.0381,126.6556,35.624,5.4,mww,79.0,73.0,1.361,0.76,us,us6000rneu,2025-11-18T14:41:24.040Z,"200 km SE of Sarangani, Philippines",earthquake,4.0,6.589,0.093,11.0,reviewed,us,us
2025-11-15T05:11:19.700Z,19.0868,-65.2878,101.0,3.69,md,11.0,242.0,0.8025,0.39,pr,pr2025319001,2025-11-15T05:32:44.386Z,"86 km N of Culebra, Puerto Rico",earthquake,6.63,6.67,0.17,5.0,reviewed,pr,pr
2025-11-15T04:11:08.510Z,18.3533,-67.9145,177.0,3.72,md,10.0,327.0,0.8114,0.52,pr,pr2025319000,2025-11-15T04:31:18.550Z,"57 km ESE of Punta Cana, Dominican Republic",earthquake,7.94,1.99,0.02,3.0,reviewed,pr,pr
2025-11-15T03:08:31.432Z,28.679,-98.935,6.6072,3.5,ml,16.0,84.0,0.2,0.3,tx,tx2025wlzejk,2025-11-18T00:04:58.276Z,"23 km E of Dilley, Texas",earthquake,2.354615243372005,1.091470192844406,0.1,8.0,reviewed,tx,tx
2025-11-15T02:17:40.499Z,40.8011,-127.9918,10.0,3.3,ml,27.0,290.0,2.972,1.18,us,us6000rned,2025-11-15T02:28:53.040Z,off the coast of Northern California,earthquake,11.36,2.025,0.051,50.0,reviewed,us,us
2025-11-15T01:54:02.637Z,38.6846,-115.9067,1.3356,2.55,ml,4.0,224.0,0.42,0.1483,nn,nn00907323,2025-11-17T20:06:10.548Z,"77 km WSW of Preston, Nevada",earthquake,,4.7036,0.17,3.0,reviewed,nn,nn
2025-11-15T01:20:32.229Z,52.2648,179.0917,198.536,4.3,mb,44.0,161.0,0.398,0.78,us,us6000rne4,2025-11-15T22:11:57.040Z,"296 km W of Adak, Alaska",earthquake,14.89,8.565,0.078,47.0,reviewed,us,us
2025-11-15T00:14:25.133Z,-6.5098,132.4056,10.0,4.7,mb,28.0,71.0,3.177,0.84,us,us6000rndz,2025-11-15T01:07:26.040Z,"104 km SSW of Tual, Indonesia",earthquake,6.02,1.889,0.13,18.0,reviewed,us,us
2025-11-14T23:56:26.028Z,24.8273,122.1276,9.932,4.7,mww,60.0,43.0,0.591,0.68,us,us6000rndw,2025-11-15T00:51:37.040Z,"38 km ENE of Yilan, Taiwan",earthquake,2.88,3.962,0.093,11.0,reviewed,us,us
2025-11-14T22:48:10.540Z,18.5166666666667,-66.5253333333333,92.46,2.94,md,12.0,184.0,0.03955,0.2,pr,pr71500103,2025-11-14T23:13:55.540Z,"7 km NNW of Tierras Nuevas Poniente, Puerto Rico",earthquake,1.42,0.95,0.0842185359475964,5.0,reviewed,pr,pr
2025-11-14T19:09:04.941Z,-15.3184,-175.7314,11.068,5.7,mww,196.0,52.0,4.071,0.6,us,us6000rnd3,2025-11-15T19:37:59.297Z,"219 km WNW of Hihifo, Tonga",earthquake,8.31,3.585,0.056,31.0,reviewed,us,us
2025-11-14T18:45:55.968Z,50.5075,158.0708,26.258,4.8,mb,197.0,97.0,2.615,0.59,us,us6000rnd0,2025-11-15T15:12:18.040Z,"138 km E of Severo-Kuril’sk, Russia",earthquake,10.36,4.587,0.041,193.0,reviewed,us,us
2025-11-14T18:41:43.227Z,50.5729,158.1681,22.693,5.2,mb,327.0,66.0,2.556,0.44,us,us6000rncz,2025-11-15T15:04:21.040Z,"144 km E of Severo-Kuril’sk, Russia",earthquake,9.08,4.089,0.026,470.0,reviewed,us,us
2025-11-14T17:34:53.745Z,37.3022,141.9915,22.056,4.7,mb,88.0,131.0,3.127,0.94,us,us6000rnct,2025-11-14T19:15:13.040Z,"86 km E of Tomioka, Japan",earthquake,6.45,5.139,0.063,76.0,reviewed,us,us
2025-11-14T15:59:04.440Z,52.6829,-34.839,10.0,4.9,mb,37.0,113.0,12.514,0.81,us,us6000rnac,2025-11-14T16:16:53.040Z,Reykjanes Ridge,earthquake,5.95,1.839,0.079,51.0,reviewed,us,us
2025-11-14T15:28:56.805Z,61.883,-148.7462,29.3,2.8,ml,,,,0.71,ak,ak025em5zzhq,2025-11-14T15:39:47.040Z,"11 km N of Sutton-Alpine, Alaska",earthquake,,0.3,,,automatic,ak,ak
2025-11-14T15:01:54.083Z,37.0946,141.8347,57.278,4.7,mb,25.0,150.0,2.961,0.62,us,us6000rn8q,2025-11-14T15:25:30.040Z,"77 km ESE of Tomioka, Japan",earthquake,10.44,8.85,0.091,37.0,reviewed,us,us
2025-11-14T12:10:26.897Z,-14.9404,167.9295,37.815,4.9,mb,53.0,158.0,0.863,1.14,us,us6000rn8i,2025-11-14T12:46:26.040Z,"92 km E of Port-Olry, Vanuatu",earthquake,11.15,6.299,0.088,50.0,reviewed,us,us
2025-11-14T11:33:45.194Z,50.4433,158.3043,21.716,5.2,mww,79.0,100.0,2.695,1.15,us,us6000rn8e,2025-11-14T12:01:12.040Z,"156 km E of Severo-Kuril’sk, Russia",earthquake,8.61,5.772,0.098,10.0,reviewed,us,us
2025-11-14T11:01:03.862Z,34.4831,26.0179,10.0,4.7,mb,79.0,115.0,1.417,1.14,us,us6000rn88,2025-11-14T13:55:53.040Z,"63 km SSE of Ierápetra, Greece",earthquake,2.8,1.893,0.06,85.0,reviewed,us,us
2025-11-14T10:45:12.196Z,65.566,-153.4529,0.0,2.5,ml,,,,0.67,ak,ak025em34d91,2025-11-14T10:57:29.651Z,"65 km SE of Hughes, Alaska",earthquake,,0.3,,,automatic,ak,ak
2025-11-14T08:46:48.470Z,37.4558334350586,-118.94450378418,13.6800003051758,2.56,md,28.0,98.0,0.1061,0.08,nc,nc75263096,2025-11-14T10:07:18.943Z,"20 km S of Mammoth Lakes, CA",earthquake,0.28,0.930000007,0.17,32.0,automatic,nc,nc
2025-11-14T07:49:00.846Z,16.479,-59.6455,10.0,4.5,mb,42.0,160.0,1.373,0.99,us,us6000rn7r,2025-11-15T06:11:18.040Z,"153 km E of Beauséjour, Guadeloupe",earthquake,7.76,1.936,0.099,30.0,reviewed,us,us
2025-11-14T06:26:27.506Z,58.9462,-147.3291,34.5,2.6,ml,,,,1.03,ak,ak025em0mlnf,2025-11-14T06:37:20.671Z,"130 km SSE of Chenega, Alaska",earthquake,,3.8,,,automatic,ak,ak
2025-11-14T04:37:37.892Z,-28.0392,-66.7724,169.537,4.5,mb,27.0,64.0,3.248,0.93,us,us6000rn73,2025-11-18T22:05:23.040Z,"50 km SE of Londres, Argentina",earthquake,8.87,14.858,0.22,6.0,reviewed,us,us
2025-11-14T03:37:00.892Z,-18.7989,-174.8035,183.176,4.4,mb,26.0,227.0,6.015,0.88,us,us6000rn6v,2025-11-14T04:02:45.040Z,"88 km W of Neiafu, Tonga",earthquake,18.28,7.238,0.105,26.0,reviewed,us,us
2025-11-14T01:30:30.440Z,18.1536666666667,-67.2468333333333,99.09,3.19,md,15.0,222.0,0.1158,0.18,pr,pr71500078,2025-11-14T03:26:28.399Z,"10 km NW of Puerto Real, Puerto Rico",earthquake,1.51,0.78,0.0607997554642852,3.0,reviewed,pr,pr
2025-11-14T00:45:57.302Z,6.9697,-33.9398,10.0,5.0,mb,40.0,63.0,12.861,0.74,us,us6000rn6f,2025-11-14T01:02:24.040Z,central Mid-Atlantic Ridge,earthquake,8.36,1.806,0.063,81.0,reviewed,us,us
2025-11-13T22:49:51.436Z,51.88,178.0589,112.087,4.4,mb,38.0,98.0,0.326,0.69,us,us6000rn60,2025-11-14T01:33:07.053Z,"Rat Islands, Aleutian Islands, Alaska",earthquake,11.24,6.572,0.06,79.0,reviewed,us,us
2025-11-13T22:32:41.791Z,52.529,160.4473,47.704,4.3,mb,42.0,150.0,1.766,1.12,us,us6000rn5x,2025-11-13T22:56:08.040Z,"136 km ESE of Petropavlovsk-Kamchatsky, Russia",earthquake,9.57,7.16,0.088,37.0,reviewed,us,us
2025-11-13T22:17:12.131Z,40.2781,23.973,10.0,4.3,mb,27.0,90.0,1.15,0.86,us,us6000rn5t,2025-11-13T23:17:56.040Z,"6 km S of Ouranoupolis, Greece",earthquake,5.73,1.916,0.142,14.0,reviewed,us,us
2025-11-13T21:59:53.750Z,-17.6019,-178.6225,538.903,4.5,mb,36.0,132.0,2.222,0.9,us,us6000rn5r,2025-11-13T23:36:26.040Z,"224 km ENE of Levuka, Fiji",earthquake,17.09,9.426,0.106,26.0,reviewed,us,us
2025-11-13T20:41:15.770Z,38.0816666666667,-122.247333333333,8.95,3.48,mw,215.0,17.0,0.01046,0.27,nc,nc75262886,2025-11-18T19:18:13.263Z,"4 km SSW of Vallejo, CA",earthquake,0.12,0.25,,4.0,reviewed,nc,nc
2025-11-13T19:58:01.307Z,39.3021,143.561,10.0,5.3,mww,93.0,101.0,2.424,0.67,us,us6000rn50,2025-11-15T14:02:56.040Z,"139 km E of Yamada, Japan",earthquake,7.47,1.847,0.075,17.0,reviewed,us,us
2025-11-13T19:37:50.095Z,52.6626,160.4973,35.0,4.3,mb,48.0,137.0,1.753,0.72,us,us6000rn4y,2025-11-15T18:14:20.040Z,"133 km ESE of Petropavlovsk-Kamchatsky, Russia",earthquake,11.95,1.937,0.085,39.0,reviewed,us,us
2025-11-13T18:59:15.603Z,31.656,-104.441,6.0999,2.7,ml,46.0,71.0,0.0,0.1,tx,tx2025wjnfpt,2025-11-15T17:47:02.040Z,"57 km S of Whites City, New Mexico",earthquake,0.6472258264462469,0.474663541809533,0.1,34.0,reviewed,tx,tx
2025-11-13T18:11:08.451Z,-16.931,-174.5149,188.126,4.4,mb,24.0,123.0,3.997,0.62,us,us6000rn4q,2025-11-13T18:37:44.040Z,"132 km SW of Hihifo, Tonga",earthquake,12.42,9.87,0.12,20.0,reviewed,us,us
2025-11-13T15:21:24.985Z,67.8786,-146.162,0.0,2.5,ml,,,,0.54,ak,ak025ekif2kr,2025-11-13T16:01:48.040Z,"38 km SW of Arctic Village, Alaska",earthquake,,0.4,,,automatic,ak,ak
2025-11-13T13:32:12.680Z,33.8878333,-116.228,8.19,2.62,ml,76.0,50.0,0.05891,0.14,ci,ci40484722,2025-11-14T00:13:29.605Z,"17 km ENE of Thousand Palms, CA",earthquake,0.1,0.35,0.233,25.0,reviewed,ci,ci
2025-11-13T11:55:42.490Z,52.05484390258789,-167.61477661132812,2.252668619155884,2.8880119068124985,ml,13.0,297.4474296569824,1.1910783052444458,0.3300252737777033,ak,ak2025wizewm,2025-11-19T00:33:43.287Z,"129 km SE of Nikolski, Alaska",earthquake,0.0,4.611578941345215,0.4101943443301574,8.0,reviewed,ak,ak
2025-11-13T11:52:10.089Z,54.54549789428711,-160.34576416015625,20.077526092529297,3.1038438738966923,ml,35.0,204.90677642822263,0.5240865349769592,0.6665382645988851,ak,ak2025wizbuj,2025-11-13T11:53:25.663Z,"88 km S of Sand Point, Alaska",earthquake,0.0,7.3129243850708,0.2055568817663767,22.0,reviewed,ak,ak
2025-11-13T11:13:17.716Z,53.9912223815918,-164.28619384765625,18.701908111572266,2.5945780163439878,ml,35.0,203.93179321289065,0.5133097171783447,0.4985353132938698,ak,ak2025wixuhi,2025-11-13T11:14:30.663Z,"98 km E of Akutan, Alaska",earthquake,0.0,5.912511825561523,0.3101776770414567,17.0,reviewed,ak,ak
2025-11-13T10:40:35.624Z,51.64312744140625,-175.12808227539062,14.14692497253418,2.7521417064865337,ml,16.0,231.1771812438965,0.6024288535118103,0.2621028113766769,ak,ak2025wiwsdf,2025-11-13T10:42:04.663Z,"88 km SW of Atka, Alaska",earthquake,0.0,6.946475028991699,0.2048600668258065,10.0,reviewed,ak,ak
2025-11-13T10:03:32.420Z,54.0434455871582,-163.662353515625,38.64875411987305,2.7008401067515035,ml,24.0,221.31322479248047,0.6042783856391907,0.8580384798408681,ak,ak2025wivmem,2025-11-13T10:04:50.663Z,"91 km S of False Pass, Alaska",earthquake,0.0,11.075766563415527,0.1648843806925141,8.0,reviewed,ak,ak
2025-11-13T09:57:16.221Z,16.7356,120.1858,74.793,4.7,mb,36.0,106.0,6.109,1.77,us,us6000rn3i,2025-11-13T11:14:11.881Z,"17 km W of Bacnotan, Philippines",earthquake,9.08,7.279,0.09,37.0,reviewed,us,us
2025-11-13T09:54:11.405Z,53.30316162109375,-164.1392364501953,22.49992561340332,2.5806316507345994,ml,20.0,257.60104179382324,1.2010679244995115,0.2274929395045403,ak,ak2025wiveic,2025-11-13T09:55:31.663Z,"142 km SE of Akutan, Alaska",earthquake,0.0,18.54086685180664,0.2904095695831366,7.0,reviewed,ak,ak
2025-11-13T09:51:40.287Z,53.23130416870117,-159.9670867919922,12.040216445922852,3.4902225931571245,ml,53.0,237.82442474365237,1.618366241455078,0.8155735305121193,ak,ak2025wivccm,2025-11-13T09:53:17.663Z,"236 km S of Sand Point, Alaska",earthquake,0.0,16.467927932739258,0.1838238680601941,29.0,reviewed,ak,ak
2025-11-13T09:48:26.322Z,53.7427,159.3722,111.838,4.7,mb,72.0,118.0,1.186,0.76,us,us6000rn3h,2025-11-13T10:00:50.040Z,"90 km NE of Yelizovo, Russia",earthquake,12.2,9.533,0.043,166.0,reviewed,us,us
2025-11-13T09:41:28.938Z,-56.6966,-142.0685,10.0,5.7,mww,59.0,56.0,27.324,0.87,us,us6000rn4x,2025-11-14T20:14:28.958Z,Pacific-Antarctic Ridge,earthquake,13.47,1.763,0.086,13.0,reviewed,us,us
2025-11-13T09:34:59.339Z,52.79444122314453,-169.71536254882812,7.526483535766602,2.635173058067126,ml,20.0,139.30349731445312,0.0090694539248943,0.5579871616650318,ak,ak2025wiunsu,2025-11-13T09:36:20.663Z,"59 km WSW of Nikolski, Alaska",earthquake,0.0,3.762118339538574,0.33425528970502,12.0,reviewed,ak,ak
2025-11-13T09:34:28.690Z,33.7835,-116.9321667,14.29,2.54,ml,118.0,17.0,0.0385,0.19,ci,ci40484674,2025-11-14T05:11:28.057Z,"2 km E of San Jacinto, CA",earthquake,0.1,0.23,0.27,27.0,reviewed,ci,ci
2025-11-13T09:27:24.444Z,34.7062,32.4866,10.0,4.6,mb,64.0,140.0,0.74,1.33,us,us6000rn3f,2025-11-13T12:55:06.617Z,"5 km SSE of Koloni, Cyprus",earthquake,2.44,1.903,0.074,54.0,reviewed,us,us
2025-11-13T09:17:41.104Z,51.24498748779297,-178.40069580078125,22.86195182800293,3.728275314087073,ml,36.0,208.9443893432617,0.4030264019966125,0.7704441815064645,ak,ak2025wityrq,2025-11-13T09:19:50.663Z,"141 km WSW of Adak, Alaska",earthquake,0.0,3.559406280517578,0.2706707395369735,28.0,reviewed,ak,ak
2025-11-13T09:04:41.897Z,-16.1622,-73.3806,101.974,4.8,mb,53.0,143.0,3.64,0.92,us,us6000rn3c,2025-11-13T09:24:46.040Z,"26 km ENE of Atico, Peru",earthquake,9.59,8.332,0.049,126.0,reviewed,us,us
2025-11-13T08:33:18.176Z,8.3448,-82.7606,10.0,4.5,mb,37.0,228.0,1.854,0.57,us,us6000rn37,2025-11-14T07:30:30.371Z,"5 km E of Manaca Norte, Panama",earthquake,10.42,1.997,0.099,30.0,reviewed,us,us
2025-11-13T08:27:28.270Z,-23.4463,-66.6103,209.12,4.5,mb,39.0,51.0,1.525,0.64,us,us6000rn34,2025-11-14T06:00:11.040Z,"90 km NNW of San Antonio de los Cobres, Argentina",earthquake,8.56,9.09,0.131,17.0,reviewed,us,us
2025-11-13T08:14:49.322Z,58.57892608642578,-153.3220977783203,56.19654846191406,2.638188174728892,ml,83.0,67.60870361328125,0.3890255093574524,0.5737166537547692,ak,ak2025wirwls,2025-11-13T08:16:16.663Z,"62 km NNW of Aleneva, Alaska",earthquake,0.0,2.62896990776062,0.4348041370137298,45.0,reviewed,ak,ak
2025-11-13T08:07:35.183Z,62.21610260009766,-150.798095703125,54.71592712402344,3.11171927385272,ml,152.0,21.16668701171875,0.3111425042152405,0.88551329708735,ak,ak2025wirqgn,2025-11-13T08:08:52.662Z,"31 km S of Petersville, Alaska",earthquake,0.0,2.1523454189300537,0.2821378980743275,93.0,reviewed,ak,ak
2025-11-13T08:07:34.216Z,62.2089,-150.8087,56.6,2.9,ml,,,,0.71,ak,ak025eke61zi,2025-11-14T05:55:16.040Z,"32 km S of Petersville, Alaska",earthquake,,0.6,,,automatic,ak,ak
2025-11-13T07:57:38.358Z,39.3296,143.6828,31.373,4.4,mb,22.0,158.0,2.483,1.03,us,us6000rn33,2025-11-13T08:24:34.040Z,"150 km E of Yamada, Japan",earthquake,5.93,7.317,0.179,9.0,reviewed,us,us
2025-11-13T07:22:52.211Z,39.6503,143.1601,30.524,4.6,mb,30.0,142.0,1.967,0.7,us,us6000rn2x,2025-11-13T07:38:56.040Z,"104 km E of Miyako, Japan",earthquake,9.75,6.332,0.122,20.0,reviewed,us,us
2025-11-13T07:07:10.850Z,60.3503,-58.4999,10.0,4.6,mb,29.0,139.0,5.135,0.56,us,us6000rn2w,2025-11-13T07:21:09.040Z,Davis Strait,earthquake,8.23,1.966,0.101,29.0,reviewed,us,us
2025-11-13T06:21:20.872Z,60.2011,-58.3956,10.0,4.8,mb,132.0,65.0,5.123,0.52,us,us6000rn2n,2025-11-13T09:22:03.040Z,Davis Strait,earthquake,3.0,1.869,0.046,147.0,reviewed,us,us
2025-11-13T05:51:41.477Z,64.51177978515625,-146.89366149902344,3.639601945877075,3.145909391801252,ml,96.0,18.8000602722168,0.0434617511928081,1.014822186287185,ak,ak2025winden,2025-11-18T21:27:44.013Z,"1 km SSE of Salcha, Alaska",earthquake,0.0,1.453681707382202,0.2453507009483805,62.0,reviewed,ak,ak
2025-11-13T05:51:41.404Z,64.4899,-146.9137,1.4,2.9,ml,,,,1.1,ak,ak025ekcn79n,2025-11-18T21:28:56.823Z,"3 km S of Salcha, Alaska",earthquake,,0.3,,,reviewed,ak,ak
2025-11-13T05:19:58.426Z,54.3384895324707,-161.473876953125,2.5950257778167725,2.596519254317873,ml,8.0,295.9743347167969,0.8039917349815369,0.331626425302532,ak,ak2025wimbxc,2025-11-13T05:22:18.662Z,"97 km SE of King Cove, Alaska",earthquake,0.0,9.057916641235352,0.7116167491284029,3.0,reviewed,ak,ak
2025-11-13T05:16:30.686Z,51.27053451538086,-177.0557861328125,25.13460350036621,3.6749767960171305,ml,36.0,213.9581298828125,0.5043240785598755,0.5030072921315071,ak,ak2025wilytv,2025-11-13T05:17:34.663Z,"73 km SSW of Adak, Alaska",earthquake,0.0,15.302813529968262,0.3185099285571443,28.0,reviewed,ak,ak
2025-11-13T05:12:45.810Z,53.89963150024414,-161.9342498779297,20.78522491455078,2.866127538529314,ml,26.0,234.7483253479004,1.0978610515594482,0.5381179989827813,ak,ak2025wilvpa,2025-11-13T05:14:23.662Z,"131 km S of King Cove, Alaska",earthquake,0.0,18.47261619567871,0.2509063426124421,18.0,reviewed,ak,ak
2025-11-13T04:59:38.428Z,-19.3173,-69.1854,10.0,4.8,mb,44.0,112.0,0.82,1.58,us,us6000rn2i,2025-11-15T05:41:04.040Z,"25 km E of Camiña, Chile",earthquake,4.5,1.888,0.099,32.0,reviewed,us,us
2025-11-13T03:56:42.767Z,54.98295974731445,-162.2060089111328,101.12470245361328,2.666175895608766,ml,28.0,152.6458969116211,0.0692329406738281,0.4352219351962654,ak,ak2025wijici,2025-11-13T03:57:59.663Z,"11 km SE of King Cove, Alaska",earthquake,0.0,2.8889758586883545,0.4626293255413358,20.0,reviewed,ak,ak
2025-11-13T03:31:52.836Z,-18.3578,-178.3402,646.822,4.4,mb,35.0,129.0,2.876,0.76,us,us6000rn28,2025-11-13T03:47:07.040Z,"249 km E of Levuka, Fiji",earthquake,14.84,9.739,0.064,71.0,reviewed,us,us
2025-11-13T03:31:02.759Z,4.0816,127.8538,127.487,5.1,mb,56.0,80.0,2.455,0.79,us,us6000rn27,2025-11-13T03:46:49.040Z,"260 km N of Tobelo, Indonesia",earthquake,9.16,3.616,0.069,69.0,reviewed,us,us
2025-11-13T03:28:19.078Z,54.04943084716797,-165.096435546875,70.47337341308594,2.5754587683413384,ml,33.0,191.0686492919922,0.3590729832649231,0.4543434556109581,ak,ak2025wiijql,2025-11-13T03:29:26.662Z,"45 km ESE of Akutan, Alaska",earthquake,0.0,5.944448947906494,0.3011981655374112,25.0,reviewed,ak,ak
2025-11-13T03:24:31.233Z,25.1006,124.4233,103.795,4.7,mb,65.0,70.0,0.738,0.74,us,us6000rn26,2025-11-13T03:53:29.040Z,"55 km NNW of Tarama, Japan",earthquake,6.59,6.898,0.061,82.0,reviewed,us,us
2025-11-13T03:16:17.025Z,39.3002,28.0624,23.329,4.6,mwr,54.0,44.0,0.898,0.89,us,us6000rn25,2025-11-13T03:44:17.040Z,"11 km SSW of Bigadiç, Turkey",earthquake,4.09,3.68,0.071,19.0,reviewed,us,us
2025-11-13T03:13:20.420Z,39.5483322143555,-123.375503540039,4.48999977111816,2.58,md,27.0,66.0,0.08454,0.1,nc,nc75262646,2025-11-13T21:12:02.580Z,"12 km N of Brooktrails, CA",earthquake,0.25,0.889999986,0.12,23.0,automatic,nc,nc
2025-11-13T02:55:25.584Z,51.81142044067383,-176.62518310546875,63.2885971069336,2.710738972481271,ml,29.0,187.6508636474609,0.1452806293964386,0.4118226018685441,ak,ak2025wihhhj,2025-11-13T02:56:23.662Z,"6 km S of Adak, Alaska",earthquake,0.0,2.890815019607544,0.3350916046294558,22.0,reviewed,ak,ak
2025-11-13T02:51:25.915Z,52.5792,158.922,85.193,4.2,mb,19.0,236.0,0.912,0.57,us,us6000rn23,2025-11-15T05:10:19.040Z,"52 km SE of Vilyuchinsk, Russia",earthquake,12.4,10.729,0.147,13.0,reviewed,us,us
2025-11-13T00:54:37.056Z,36.2717,141.6299,29.592,4.7,mww,74.0,123.0,2.773,0.98,us,us6000rn1u,2025-11-13T01:14:02.040Z,"93 km NE of Hasaki, Japan",earthquake,7.57,4.914,0.103,9.0,reviewed,us,us
2025-11-13T00:42:20.840Z,41.0453333333333,-125.131,10.0,3.28,ml,128.0,243.0,0.7416,0.26,nc,nc75262611,2025-11-13T17:51:12.777Z,"83 km W of Trinidad, CA",earthquake,1.05,31.61,0.143,18.0,reviewed,nc,nc
2025-11-12T23:33:40.385Z,-20.1087,-177.5723,508.121,4.4,mb,28.0,101.0,4.634,0.8,us,us6000rn1k,2025-11-12T23:50:44.040Z,"264 km WNW of Houma, Tonga",earthquake,15.03,11.533,0.114,22.0,reviewed,us,us
2025-11-12T22:25:22.638Z,13.2628,49.9878,10.0,4.6,mb,76.0,64.0,5.589,0.96,us,us6000rn1h,2025-11-12T22:44:59.040Z,"166 km NNW of Caluula, Somalia",earthquake,11.08,1.891,0.067,66.0,reviewed,us,us
2025-11-12T22:16:08.177Z,-2.5436,138.9812,41.813,4.4,mb,35.0,83.0,0.973,1.01,us,us6000rn1b,2025-11-12T22:37:12.040Z,"183 km W of Abepura, Indonesia",earthquake,5.86,6.608,0.103,27.0,reviewed,us,us
2025-11-12T20:21:34.870Z,33.6795,-116.0173333,10.83,2.52,ml,75.0,39.0,0.03327,0.19,ci,ci40484482,2025-11-13T22:31:58.039Z,"12 km ENE of Thermal, CA",earthquake,0.14,0.32,0.16,26.0,reviewed,ci,ci
2025-11-12T20:15:09.090Z,19.3588333333333,-66.0158333333333,32.41,3.35,md,12.0,276.0,1.046,0.26,pr,pr71500013,2025-11-12T20:38:34.020Z,"99 km N of San Juan, Puerto Rico",earthquake,2.16,17.54,0.146195587173559,4.0,reviewed,pr,pr
2025-11-12T19:27:22.597Z,67.0657,-155.0678,0.0,2.9,ml,,,,0.75,ak,ak025eixaqmd,2025-11-12T19:31:16.494Z,"81 km ENE of Kobuk, Alaska",earthquake,,0.6,,,automatic,ak,ak
2025-11-12T19:08:54.018Z,39.414,143.4122,10.0,4.6,mb,56.0,144.0,2.265,0.55,us,us6000rn0n,2025-11-12T20:47:46.040Z,"126 km E of Yamada, Japan",earthquake,10.08,1.928,0.071,59.0,reviewed,us,us
2025-11-12T18:20:01.273Z,62.8834,-149.9898,75.8,2.9,ml,,,,0.59,ak,ak025eiwnrbj,2025-11-12T20:34:17.040Z,"48 km N of Chase, Alaska",earthquake,,0.5,,,automatic,ak,ak
2025-11-12T16:26:17.530Z,20.1109,104.54,10.0,4.4,mb,36.0,99.0,3.916,0.82,us,us6000rn2z,2025-11-15T06:19:20.316Z,"61 km ESE of Xam Nua, Laos",earthquake,6.69,1.843,0.097,31.0,reviewed,us,us
2025-11-12T16:09:47.186Z,12.93,50.18,10.0,4.4,mb,26.0,74.0,7.302,0.81,us,us6000rn2y,2025-11-15T06:08:14.040Z,"123 km NNW of Caluula, Somalia",earthquake,7.84,1.859,0.13,17.0,reviewed,us,us
2025-11-12T14:37:51.552Z,55.5919,-157.3916,29.4,4.4,ml,,,,0.44,ak,ak025eiudryl,2025-11-12T19:00:01.015Z,"100 km SE of Chignik, Alaska",earthquake,,0.7,,,reviewed,ak,ak
2025-11-12T14:23:31.498Z,34.9696,32.5382,10.0,5.3,mww,75.0,58.0,0.651,0.73,us,us6000rmyh,2025-11-14T17:26:42.136Z,"3 km SE of Meládeia, Cyprus",earthquake,5.12,1.847,0.068,21.0,reviewed,us,us
2025-11-12T13:12:02.501Z,-19.3131,-69.0997,8.832,4.8,mb,36.0,118.0,0.365,0.54,us,us6000rmy6,2025-11-12T13:36:04.148Z,"34 km E of Camiña, Chile",earthquake,3.72,4.471,0.083,45.0,reviewed,us,us
2025-11-12T12:36:24.480Z,-56.7633,-23.9132,10.0,4.7,mb,26.0,104.0,7.557,0.9,us,us6000rmy2,2025-11-12T12:58:35.040Z,South Sandwich Islands region,earthquake,12.4,1.915,0.111,25.0,reviewed,us,us
2025-11-12T12:02:22.507Z,20.9167,121.0642,24.141,5.1,mb,85.0,57.0,1.892,0.74,us,us6000rmxz,2025-11-12T12:19:21.040Z,"107 km WNW of Basco, Philippines",earthquake,8.43,5.406,0.046,154.0,reviewed,us,us
2025-11-12T10:46:39.976Z,-6.3243,148.4778,50.668,4.8,mb,38.0,59.0,4.238,0.69,us,us6000rmxu,2025-11-12T11:37:52.040Z,"74 km ENE of Finschhafen, Papua New Guinea",earthquake,4.37,8.507,0.1,31.0,reviewed,us,us
2025-11-12T09:59:09.896Z,34.8421,32.4294,10.0,4.4,mb,27.0,138.0,0.75,0.75,us,us6000rmxr,2025-11-12T10:37:02.040Z,"0 km NNW of Tála, Cyprus",earthquake,4.25,1.826,0.144,14.0,reviewed,us,us
2025-11-12T09:44:11.860Z,42.4425,-112.437666666667,9.93,2.92,ml,27.0,108.0,0.301,0.19,uu,uu80122016,2025-11-12T20:38:54.500Z,"25 km WSW of Arimo, Idaho",earthquake,1.04,0.47,0.117107737699272,10.0,reviewed,uu,uu
2025-11-12T09:41:51.566Z,34.7292,32.5043,10.0,4.7,mb,53.0,139.0,0.718,0.99,us,us6000rmxn,2025-11-12T14:45:00.242Z,"4 km ESE of Koloni, Cyprus",earthquake,5.31,1.924,0.092,36.0,reviewed,us,us
2025-11-12T09:31:25.011Z,34.7782,32.4841,10.0,5.2,mww,76.0,48.0,0.72,1.49,us,us6000rmxj,2025-11-14T13:45:38.523Z,"2 km ESE of Konia, Cyprus",earthquake,4.15,1.838,0.08,15.0,reviewed,us,us
2025-11-12T08:38:34.858Z,44.104,-127.8539,10.0,4.2,mb,96.0,215.0,2.771,0.79,us,us6000rmxh,2025-11-18T08:48:46.780Z,"297 km WNW of Barview, Oregon",earthquake,8.74,1.998,0.061,75.0,reviewed,us,us
2025-11-12T06:03:28.885Z,73.2435,6.9306,10.0,5.7,mww,93.0,59.0,5.827,0.74,us,us6000rmwv,2025-11-13T06:23:59.642Z,Greenland Sea,earthquake,9.17,1.887,0.052,35.0,reviewed,us,us
2025-11-12T06:01:10.410Z,18.9436666666667,-66.5565,64.44,2.98,md,17.0,275.0,0.4648,0.16,pr,pr71499998,2025-11-12T06:18:09.430Z,"53 km N of Tierras Nuevas Poniente, Puerto Rico",earthquake,0.93,1.32,0.120917882313042,4.0,reviewed,pr,pr
2025-11-12T06:00:53.004Z,73.1692,6.2648,10.0,4.1,mb,13.0,88.0,5.935,0.89,us,us6000rmwz,2025-11-12T07:49:42.040Z,Greenland Sea,earthquake,8.33,1.942,0.198,7.0,reviewed,us,us
2025-11-12T05:25:38.562Z,61.0743,-150.7153,4.3,3.7,ml,,,,0.76,ak,ak025eioy9xw,2025-11-13T05:54:24.293Z,"16 km N of Point Possession, Alaska",earthquake,,0.2,,,reviewed,ak,ak
2025-11-12T04:52:28.563Z,-41.0976,-90.9222,10.0,4.6,mb,27.0,181.0,14.388,0.96,us,us6000rmx3,2025-11-15T05:01:08.040Z,southeast of Easter Island,earthquake,8.61,1.882,0.117,22.0,reviewed,us,us
2025-11-12T04:38:39.960Z,-41.0615,-91.5155,10.0,4.9,mb,43.0,148.0,13.77,1.08,us,us6000rmwl,2025-11-12T04:56:50.040Z,southeast of Easter Island,earthquake,13.27,1.913,0.05,129.0,reviewed,us,us
2025-11-12T04:23:01.642Z,-55.3317,-26.9473,10.0,5.0,mb,30.0,114.0,5.617,0.71,us,us6000rmwh,2025-11-12T04:40:59.040Z,South Sandwich Islands region,earthquake,8.36,1.825,0.105,29.0,reviewed,us,us
2025-11-12T03:57:39.128Z,39.7189,143.6084,10.0,4.9,mww,54.0,98.0,2.221,0.89,us,us6000rmwf,2025-11-12T04:14:16.040Z,"143 km E of Miyako, Japan",earthquake,8.31,1.879,0.078,16.0,reviewed,us,us
